{
    "worldIndex": 1,
    "levelIndex": 1,
    "customLevelName": "",
    "repeatedBackgroundRows": 2,
    "repeatedBackgroundColumns": 4,
    "environmentObjects": [
        {
            "objectName": "EnvironmentBlock",
            "transform": {
                "position": {
                    "x": -5.406000137329102,
                    "y": -5.275722026824951,
                    "z": 0.0
                },
                "rotation": {
                    "x": 0.0,
                    "y": 0.0,
                    "z": 0.0,
                    "w": 1.0
                },
                "scale": {
                    "x": 4.567661762237549,
                    "y": 2.5999999046325685,
                    "z": 1.0
                }
            }
        },
        {
            "objectName": "EnvironmentBlock",
            "transform": {
                "position": {
                    "x": 5.570000171661377,
                    "y": -5.275722026824951,
                    "z": 0.0
                },
                "rotation": {
                    "x": 0.0,
                    "y": 0.0,
                    "z": 0.0,
                    "w": 1.0
                },
                "scale": {
                    "x": 4.5,
                    "y": 2.5999999046325685,
                    "z": 1.0
                }
            }
        },
        {
            "objectName": "EnvironmentBlock",
            "transform": {
                "position": {
                    "x": 11.329999923706055,
                    "y": 0.1599999964237213,
                    "z": 0.0
                },
                "rotation": {
                    "x": 0.0,
                    "y": 0.0,
                    "z": 0.7071068286895752,
                    "w": 0.7071068286895752
                },
                "scale": {
                    "x": 4.699999809265137,
                    "y": 2.5999999046325685,
                    "z": 1.0
                }
            }
        },
        {
            "objectName": "EnvironmentBlock",
            "transform": {
                "position": {
                    "x": -11.289999961853028,
                    "y": 0.1599999964237213,
                    "z": 0.0
                },
                "rotation": {
                    "x": 0.0,
                    "y": 0.0,
                    "z": 0.7071068286895752,
                    "w": 0.7071068286895752
                },
                "scale": {
                    "x": 4.699999809265137,
                    "y": 2.5999999046325685,
                    "z": 1.0
                }
            }
        },
        {
            "objectName": "Ralph",
            "transform": {
                "position": {
                    "x": 4.730000019073486,
                    "y": -3.3399999141693117,
                    "z": 0.0
                },
                "rotation": {
                    "x": 0.0,
                    "y": 0.0,
                    "z": 0.0,
                    "w": 1.0
                },
                "scale": {
                    "x": 0.800000011920929,
                    "y": 0.800000011920929,
                    "z": 1.0
                }
            }
        },
        {
            "objectName": "EnvironmentBlock",
            "transform": {
                "position": {
                    "x": -5.406000137329102,
                    "y": 5.639999866485596,
                    "z": 0.0
                },
                "rotation": {
                    "x": 0.0,
                    "y": 0.0,
                    "z": 0.0,
                    "w": 1.0
                },
                "scale": {
                    "x": 4.567661762237549,
                    "y": 2.5999999046325685,
                    "z": 1.0
                }
            }
        },
        {
            "objectName": "EnvironmentBlock",
            "transform": {
                "position": {
                    "x": 5.53000020980835,
                    "y": 5.6399993896484379,
                    "z": 0.0
                },
                "rotation": {
                    "x": 0.0,
                    "y": 0.0,
                    "z": 0.0,
                    "w": 1.0
                },
                "scale": {
                    "x": 4.5,
                    "y": 2.5999999046325685,
                    "z": 1.0
                }
            }
        }
    ],
    "preplacedObjects": [],
    "gumballMachineTransform": {
        "position": {
            "x": -8.979999542236329,
            "y": -2.2200000286102297,
            "z": 0.0
        },
        "rotation": {
            "x": 0.0,
            "y": 0.0,
            "z": 0.0,
            "w": 1.0
        },
        "scale": {
            "x": 1.0,
            "y": 1.0,
            "z": 1.0
        }
    },
    "placeableScrapLimit": 16.0,
    "starConditions": {
        "timeConstraint": 10.0,
        "scrapConstraint": 8.0
    }
}