{
    "worldIndex": 1,
    "levelIndex": 2,
    "customLevelName": "",
    "repeatedBackgroundRows": 2,
    "repeatedBackgroundColumns": 4,
    "environmentObjects": [
        {
            "objectName": "EnvironmentBlock",
            "transform": {
                "position": {
                    "x": -7.349999904632568,
                    "y": -5.420000076293945,
                    "z": 0.0
                },
                "rotation": {
                    "x": 0.0,
                    "y": 0.0,
                    "z": 0.0,
                    "w": 1.0
                },
                "scale": {
                    "x": 2.0,
                    "y": 1.5,
                    "z": 1.0
                }
            }
        },
        {
            "objectName": "EnvironmentBlock",
            "transform": {
                "position": {
                    "x": -1.9600000381469727,
                    "y": -9.109999656677246,
                    "z": 0.0
                },
                "rotation": {
                    "x": 0.0,
                    "y": 0.0,
                    "z": 0.0,
                    "w": 1.0
                },
                "scale": {
                    "x": 2.0,
                    "y": 1.5,
                    "z": 1.0
                }
            }
        },
        {
            "objectName": "EnvironmentBlock",
            "transform": {
                "position": {
                    "x": -9.470000267028809,
                    "y": 0.2709999978542328,
                    "z": 0.0
                },
                "rotation": {
                    "x": 0.0,
                    "y": 0.0,
                    "z": 0.7071068286895752,
                    "w": 0.7071068286895752
                },
                "scale": {
                    "x": 4.547585964202881,
                    "y": 2.5999999046325685,
                    "z": 1.0
                }
            }
        },
        {
            "objectName": "EnvironmentBlock",
            "transform": {
                "position": {
                    "x": -3.1600000858306886,
                    "y": -6.699999809265137,
                    "z": 0.0
                },
                "rotation": {
                    "x": 0.0,
                    "y": 0.0,
                    "z": -0.3826834261417389,
                    "w": 0.9238795638084412
                },
                "scale": {
                    "x": 1.2999999523162842,
                    "y": 1.5,
                    "z": 1.0
                }
            }
        },
        {
            "objectName": "EnvironmentBlock",
            "transform": {
                "position": {
                    "x": -4.679999828338623,
                    "y": -7.300000190734863,
                    "z": 0.0
                },
                "rotation": {
                    "x": 0.0,
                    "y": 0.0,
                    "z": 0.7071068286895752,
                    "w": 0.7071068286895752
                },
                "scale": {
                    "x": 1.7000000476837159,
                    "y": 1.5,
                    "z": 1.0
                }
            }
        },
        {
            "objectName": "EnvironmentBlock",
            "transform": {
                "position": {
                    "x": 5.050000190734863,
                    "y": -7.909999847412109,
                    "z": 0.0
                },
                "rotation": {
                    "x": 0.0,
                    "y": 0.0,
                    "z": 0.0,
                    "w": 1.0
                },
                "scale": {
                    "x": 2.0,
                    "y": 1.5,
                    "z": 1.0
                }
            }
        },
        {
            "objectName": "EnvironmentBlock",
            "transform": {
                "position": {
                    "x": 1.5099999904632569,
                    "y": -8.3100004196167,
                    "z": 0.0
                },
                "rotation": {
                    "x": 0.0,
                    "y": 0.0,
                    "z": 0.30070576071739199,
                    "w": 0.9537169933319092
                },
                "scale": {
                    "x": 1.0,
                    "y": 1.5,
                    "z": 1.0
                }
            }
        },
        {
            "objectName": "Ralph",
            "transform": {
                "position": {
                    "x": 4.139999866485596,
                    "y": -6.070000171661377,
                    "z": 0.0
                },
                "rotation": {
                    "x": 0.0,
                    "y": 0.0,
                    "z": 0.0,
                    "w": 1.0
                },
                "scale": {
                    "x": 0.800000011920929,
                    "y": 0.800000011920929,
                    "z": 1.0
                }
            }
        },
        {
            "objectName": "EnvironmentBlock",
            "transform": {
                "position": {
                    "x": -4.150000095367432,
                    "y": 5.400000095367432,
                    "z": 0.0
                },
                "rotation": {
                    "x": 0.0,
                    "y": 0.0,
                    "z": 0.0,
                    "w": 1.0
                },
                "scale": {
                    "x": 4.0,
                    "y": 2.5999999046325685,
                    "z": 1.0
                }
            }
        },
        {
            "objectName": "EnvironmentBlock",
            "transform": {
                "position": {
                    "x": 5.639999866485596,
                    "y": 5.400000095367432,
                    "z": 0.0
                },
                "rotation": {
                    "x": 0.0,
                    "y": 0.0,
                    "z": 0.0,
                    "w": 1.0
                },
                "scale": {
                    "x": 4.0,
                    "y": 2.5999999046325685,
                    "z": 1.0
                }
            }
        },
        {
            "objectName": "EnvironmentBlock",
            "transform": {
                "position": {
                    "x": 10.869999885559082,
                    "y": 0.25,
                    "z": 0.0
                },
                "rotation": {
                    "x": 0.0,
                    "y": 0.0,
                    "z": 0.7071068286895752,
                    "w": 0.7071068286895752
                },
                "scale": {
                    "x": 4.5,
                    "y": 2.5999999046325685,
                    "z": 1.0
                }
            }
        },
        {
            "objectName": "EnvironmentBlock",
            "transform": {
                "position": {
                    "x": 9.069999694824219,
                    "y": -6.599999904632568,
                    "z": 0.0
                },
                "rotation": {
                    "x": 0.0,
                    "y": 0.0,
                    "z": 0.34202009439468386,
                    "w": 0.9396926760673523
                },
                "scale": {
                    "x": 1.7000000476837159,
                    "y": 1.5,
                    "z": 1.0
                }
            }
        }
    ],
    "preplacedObjects": [],
    "gumballMachineTransform": {
        "position": {
            "x": -6.21999979019165,
            "y": -2.4800000190734865,
            "z": 0.0
        },
        "rotation": {
            "x": 0.0,
            "y": 0.0,
            "z": 0.0,
            "w": 1.0
        },
        "scale": {
            "x": 1.0,
            "y": 1.0,
            "z": 1.0
        }
    },
    "placeableScrapLimit": 23.0,
    "starConditions": {
        "timeConstraint": 10.0,
        "scrapConstraint": 15.0
    }
}