{
    "worldIndex": 2,
    "levelIndex": 3,
    "customLevelName": "",
    "repeatedBackgroundRows": 3,
    "repeatedBackgroundColumns": 5,
    "environmentObjects": [
        {
            "objectName": "EnvironmentBlock",
            "transform": {
                "position": {
                    "x": 0.0,
                    "y": 15.294000625610352,
                    "z": 0.0
                },
                "rotation": {
                    "x": 0.0,
                    "y": 0.0,
                    "z": 0.0,
                    "w": 1.0
                },
                "scale": {
                    "x": 30.0,
                    "y": 6.609675407409668,
                    "z": 1.0
                }
            }
        },
        {
            "objectName": "EnvironmentBlock",
            "transform": {
                "position": {
                    "x": 0.0,
                    "y": -15.65999984741211,
                    "z": 0.0
                },
                "rotation": {
                    "x": 0.0,
                    "y": 0.0,
                    "z": 0.0,
                    "w": 1.0
                },
                "scale": {
                    "x": 30.0,
                    "y": 6.652514934539795,
                    "z": 1.0
                }
            }
        },
        {
            "objectName": "EnvironmentBlock",
            "transform": {
                "position": {
                    "x": -24.6299991607666,
                    "y": 9.42199993133545,
                    "z": 0.0
                },
                "rotation": {
                    "x": 0.0,
                    "y": 0.0,
                    "z": 0.7071068286895752,
                    "w": 0.7071068286895752
                },
                "scale": {
                    "x": 4.274411201477051,
                    "y": 3.5982789993286135,
                    "z": 1.0
                }
            }
        },
        {
            "objectName": "Spikes",
            "transform": {
                "position": {
                    "x": -11.510000228881836,
                    "y": -13.979999542236329,
                    "z": 0.0
                },
                "rotation": {
                    "x": 0.0,
                    "y": 0.0,
                    "z": 0.0,
                    "w": 1.0
                },
                "scale": {
                    "x": 3.290231466293335,
                    "y": 1.8308149576187134,
                    "z": 1.8308149576187134
                }
            }
        },
        {
            "objectName": "EnvironmentBlock",
            "transform": {
                "position": {
                    "x": 16.18000030517578,
                    "y": -9.890000343322754,
                    "z": 0.0
                },
                "rotation": {
                    "x": 0.0,
                    "y": 0.0,
                    "z": 0.0,
                    "w": 1.0
                },
                "scale": {
                    "x": 2.1003806591033937,
                    "y": 2.0780060291290285,
                    "z": 1.0
                }
            }
        },
        {
            "objectName": "EnvironmentBlock",
            "transform": {
                "position": {
                    "x": -24.6299991607666,
                    "y": -0.6299996376037598,
                    "z": 0.0
                },
                "rotation": {
                    "x": 0.0,
                    "y": 0.0,
                    "z": 0.7071068286895752,
                    "w": 0.7071068286895752
                },
                "scale": {
                    "x": 4.274411201477051,
                    "y": 3.5982789993286135,
                    "z": 1.0
                }
            }
        },
        {
            "objectName": "EnvironmentBlock",
            "transform": {
                "position": {
                    "x": -24.6299991607666,
                    "y": -10.699999809265137,
                    "z": 0.0
                },
                "rotation": {
                    "x": 0.0,
                    "y": 0.0,
                    "z": 0.7071068286895752,
                    "w": 0.7071068286895752
                },
                "scale": {
                    "x": 4.274411201477051,
                    "y": 3.5982789993286135,
                    "z": 1.0
                }
            }
        },
        {
            "objectName": "Ralph",
            "transform": {
                "position": {
                    "x": 17.739999771118165,
                    "y": -8.329999923706055,
                    "z": 0.0
                },
                "rotation": {
                    "x": 0.0,
                    "y": 0.0,
                    "z": 0.0,
                    "w": 1.0
                },
                "scale": {
                    "x": 0.800000011920929,
                    "y": 0.800000011920929,
                    "z": 1.0
                }
            }
        },
        {
            "objectName": "EnvironmentBlock",
            "transform": {
                "position": {
                    "x": 24.6299991607666,
                    "y": 9.42199993133545,
                    "z": 0.0
                },
                "rotation": {
                    "x": 0.0,
                    "y": 0.0,
                    "z": 0.7071068286895752,
                    "w": 0.7071068286895752
                },
                "scale": {
                    "x": 4.274411201477051,
                    "y": 3.5982789993286135,
                    "z": 1.0
                }
            }
        },
        {
            "objectName": "EnvironmentBlock",
            "transform": {
                "position": {
                    "x": 24.6299991607666,
                    "y": -0.6299996376037598,
                    "z": 0.0
                },
                "rotation": {
                    "x": 0.0,
                    "y": 0.0,
                    "z": 0.7071068286895752,
                    "w": 0.7071068286895752
                },
                "scale": {
                    "x": 4.274411201477051,
                    "y": 3.5982789993286135,
                    "z": 1.0
                }
            }
        },
        {
            "objectName": "EnvironmentBlock",
            "transform": {
                "position": {
                    "x": 24.6299991607666,
                    "y": -10.699999809265137,
                    "z": 0.0
                },
                "rotation": {
                    "x": 0.0,
                    "y": 0.0,
                    "z": 0.7071068286895752,
                    "w": 0.7071068286895752
                },
                "scale": {
                    "x": 4.274411201477051,
                    "y": 3.5982789993286135,
                    "z": 1.0
                }
            }
        },
        {
            "objectName": "Spikes",
            "transform": {
                "position": {
                    "x": 12.579999923706055,
                    "y": -13.979999542236329,
                    "z": 0.0
                },
                "rotation": {
                    "x": 0.0,
                    "y": 0.0,
                    "z": 0.0,
                    "w": 1.0
                },
                "scale": {
                    "x": 3.290231466293335,
                    "y": 1.8308149576187134,
                    "z": 1.8308149576187134
                }
            }
        },
        {
            "objectName": "EnvironmentBlock",
            "transform": {
                "position": {
                    "x": -21.677000045776368,
                    "y": 7.383999824523926,
                    "z": 0.0
                },
                "rotation": {
                    "x": 0.0,
                    "y": 0.0,
                    "z": 0.0,
                    "w": 1.0
                },