{
    "worldIndex": 3,
    "levelIndex": 3,
    "customLevelName": "",
    "repeatedBackgroundRows": 4,
    "repeatedBackgroundColumns": 6,
    "environmentObjects": [
        {
            "objectName": "EnvironmentBlock",
            "transform": {
                "position": {
                    "x": 0.0,
                    "y": -15.100000381469727,
                    "z": 0.0
                },
                "rotation": {
                    "x": 0.0,
                    "y": 0.0,
                    "z": 0.0,
                    "w": 1.0
                },
                "scale": {
                    "x": 30.0,
                    "y": 5.231246471405029,
                    "z": 1.0
                }
            }
        },
        {
            "objectName": "EnvironmentBlock",
            "transform": {
                "position": {
                    "x": -19.711000442504884,
                    "y": 9.555000305175782,
                    "z": 0.0
                },
                "rotation": {
                    "x": 0.0,
                    "y": 0.0,
                    "z": 0.7071068286895752,
                    "w": 0.7071068286895752
                },
                "scale": {
                    "x": 4.082433700561523,
                    "y": 3.7889554500579836,
                    "z": 1.0
                }
            }
        },
        {
            "objectName": "EnvironmentBlock",
            "transform": {
                "position": {
                    "x": -5.279999732971191,
                    "y": 14.019999504089356,
                    "z": 0.0
                },
                "rotation": {
                    "x": 0.0,
                    "y": 0.0,
                    "z": 0.0,
                    "w": 1.0
                },
                "scale": {
                    "x": 1.0,
                    "y": 2.187232732772827,
                    "z": 1.0
                }
            }
        },
        {
            "objectName": "LeverWeightContraption",
            "transform": {
                "position": {
                    "x": -5.239999771118164,
                    "y": 10.847999572753907,
                    "z": 0.0
                },
                "rotation": {
                    "x": 0.0,
                    "y": 0.0,
                    "z": 0.0,
                    "w": 1.0
                },
                "scale": {
                    "x": 1.0,
                    "y": 1.0,
                    "z": 1.0
                }
            }
        },
        {
            "objectName": "EnvironmentBlock",
            "transform": {
                "position": {
                    "x": -0.9599995613098145,
                    "y": -0.7129998207092285,
                    "z": 0.0
                },
                "rotation": {
                    "x": 0.0,
                    "y": 0.0,
                    "z": 0.0,
                    "w": 1.0
                },
                "scale": {
                    "x": 0.3961404860019684,
                    "y": 1.3508750200271607,
                    "z": 0.5886399745941162
                }
            }
        },
        {
            "objectName": "Ralph",
            "transform": {
                "position": {
                    "x": -16.219999313354493,
                    "y": -13.010000228881836,
                    "z": 0.0
                },
                "rotation": {
                    "x": 0.0,
                    "y": 0.0,
                    "z": 0.0,
                    "w": 1.0
                },
                "scale": {
                    "x": 0.5,
                    "y": 0.5,
                    "z": 1.0
                }
            }
        },
        {
            "objectName": "EnvironmentBlock",
            "transform": {
                "position": {
                    "x": -19.709999084472658,
                    "y": -0.24000024795532227,
                    "z": 0.0
                },
                "rotation": {
                    "x": 0.0,
                    "y": 0.0,
                    "z": 0.7071068286895752,
                    "w": 0.7071068286895752
                },
                "scale": {
                    "x": 4.082433700561523,
                    "y": 3.7889554500579836,
                    "z": 1.0
                }
            }
        },
        {
            "objectName": "EnvironmentBlock",
            "transform": {
                "position": {
                    "x": -19.709999084472658,
                    "y": -9.860000610351563,
                    "z": 0.0
                },
                "rotation": {
                    "x": 0.0,
                    "y": 0.0,
                    "z": 0.7071068286895752,
                    "w": 0.7071068286895752
                },
                "scale": {
                    "x": 4.082433700561523,
                    "y": 3.7889554500579836,
                    "z": 1.0
                }
            }
        },
        {
            "objectName": "EnvironmentBlock",
            "transform": {
                "position": {
                    "x": 1.8969999551773072,
                    "y": -0.4830002784729004,
                    "z": 0.0
                },
                "rotation": {
                    "x": 0.0,
                    "y": 0.0,
                    "z": 0.0,
                    "w": 1.0
                },
                "scale": {
                    "x": 1.9813495874404908,
                    "y": 3.1037113666534426,
                    "z": 1.4607000350952149
                }
            }
        },
        {
            "objectName": "EnvironmentBlock",
            "transform": {
                "position": {
                    "x": 19.709999084472658,
                    "y": 9.555000305175782,
                    "z": 0.0
                },
                "rotation": {
                    "x": 0.0,
                    "y": 0.0,
                    "z": 0.7071068286895752,
                    "w": 0.7071068286895752
                },
                "scale": {
                    "x": 4.082433700561523,
                    "y": 3.7889554500579836,
                    "z": 1.0
                }
            }
        },
        {
            "objectName": "EnvironmentBlock",
            "transform": {
                "position": {
                    "x": 19.709999084472658,
                    "y": -0.24000024795532227,
                    "z": 0.0
                },
                "rotation": {
                    "x": 0.0,
                    "y": 0.0,
                    "z": 0.7071068286895752,
                    "w": 0.7071068286895752
                },
                "scale": {
                    "x": 4.082433700561523,
                    "y": 3.7889554500579836,
                    "z": 1.0
                }
            }
        },
        {
            "objectName": "EnvironmentBlock",
            "transform": {
                "position": {
                    "x": 19.709999084472658,
                    "y": -9.860000610351563,
                    "z": 0.0
                },
                "rotation": {
                    "x": 0.0,
                    "y": 0.0,
                    "z": 0.7071068286895752,
                    "w": 0.7071068286895752
                },
                "scale": {
                    "x": 4.082433700561523,
                    "y": 3.7889554500579836,
                    "z": 1.0
                }
            }
        },
        {
            "objectName": "EnvironmentBlock",
            "transform": {
                "position": {
                    "x": -16.197999954223634,
                    "y": -14.360000610351563,
                    "z": 0.0
                },
                "rotation": {
                    "x": 0.0,
                    "y": 0.0,
                    "z": 0.0,
                    "w": 1.0
                },